{
    "parent": "item/handheld_rod",
    "textures": {
        "layer0": "item/carrot_on_a_stick"
    },
    "overrides": [
	{ "predicate": { "custom_model_data": 5420100}, "model": "item/end_portal_frame"},
	{ "predicate": { "custom_model_data": 5420101}, "model": "item/minecart"},
      { "predicate": { "custom_model_data": 5420102}, "model": "item/birch_fence_gate"},
      { "predicate": { "custom_model_data": 5420103}, "model": "item/barrier"},
      { "predicate": { "custom_model_data": 5420104}, "model": "item/writable_book"}
	]
}
