{
    "parent": "block/crimson_stairs",
    "overrides": [
	{ "predicate": { "custom_model_data": 5420101}, "model": "custom/east/crimson_stairs"},
	{ "predicate": { "custom_model_data": 5420102}, "model": "custom/south/crimson_stairs"},
	{ "predicate": { "custom_model_data": 5420103}, "model": "custom/west/crimson_stairs"},
	{ "predicate": { "custom_model_data": 5420104}, "model": "custom/northup/crimson_stairs"},
    { "predicate": { "custom_model_data": 5420105}, "model": "custom/eastup/crimson_stairs"},
    { "predicate": { "custom_model_data": 5420106}, "model": "custom/southup/crimson_stairs"},
    { "predicate": { "custom_model_data": 5420107}, "model": "custom/westup/crimson_stairs"}
	]}
