{
    "parent": "block/diorite_stairs",
     "overrides": [
 	{ "predicate": { "custom_model_data": 5420101}, "model": "custom/east/diorite_stairs"}, 	{ "predicate": { "custom_model_data": 5420102}, "model": "custom/south/diorite_stairs"}, 	{ "predicate": { "custom_model_data": 5420103}, "model": "custom/west/diorite_stairs"}, 	{ "predicate": { "custom_model_data": 5420104}, "model": "custom/northup/diorite_stairs"},     { "predicate": { "custom_model_data": 5420105}, "model": "custom/eastup/diorite_stairs"},     { "predicate": { "custom_model_data": 5420106}, "model": "custom/southup/diorite_stairs"},     { "predicate": { "custom_model_data": 5420107}, "model": "custom/westup/diorite_stairs"} 	]}
