{
    "parent": "block/end_stone_brick_stairs",
     "overrides": [
 	{ "predicate": { "custom_model_data": 5420101}, "model": "custom/east/end_stone_brick_stairs"}, 	{ "predicate": { "custom_model_data": 5420102}, "model": "custom/south/end_stone_brick_stairs"}, 	{ "predicate": { "custom_model_data": 5420103}, "model": "custom/west/end_stone_brick_stairs"}, 	{ "predicate": { "custom_model_data": 5420104}, "model": "custom/northup/end_stone_brick_stairs"},     { "predicate": { "custom_model_data": 5420105}, "model": "custom/eastup/end_stone_brick_stairs"},     { "predicate": { "custom_model_data": 5420106}, "model": "custom/southup/end_stone_brick_stairs"},     { "predicate": { "custom_model_data": 5420107}, "model": "custom/westup/end_stone_brick_stairs"} 	]}
