{
    "parent": "block/furnace",
    "overrides": [
        {
            "predicate": {
                "custom_model_data": 5420101
            },
            "model": "custom/east/furnace"
        },
        {
            "predicate": {
                "custom_model_data": 5420102
            },
            "model": "custom/north/furnace"
        },
        {
            "predicate": {
                "custom_model_data": 5420103
            },
            "model": "custom/west/furnace"
        }
    ]

}
