{
    "parent": "block/mossy_stone_brick_stairs",
     "overrides": [
 	{ "predicate": { "custom_model_data": 5420101}, "model": "custom/east/mossy_stone_brick_stairs"}, 	{ "predicate": { "custom_model_data": 5420102}, "model": "custom/south/mossy_stone_brick_stairs"}, 	{ "predicate": { "custom_model_data": 5420103}, "model": "custom/west/mossy_stone_brick_stairs"}, 	{ "predicate": { "custom_model_data": 5420104}, "model": "custom/northup/mossy_stone_brick_stairs"},     { "predicate": { "custom_model_data": 5420105}, "model": "custom/eastup/mossy_stone_brick_stairs"},     { "predicate": { "custom_model_data": 5420106}, "model": "custom/southup/mossy_stone_brick_stairs"},     { "predicate": { "custom_model_data": 5420107}, "model": "custom/westup/mossy_stone_brick_stairs"} 	]}
