{
    "parent": "block/nether_brick_stairs",
     "overrides": [
 	{ "predicate": { "custom_model_data": 5420101}, "model": "custom/east/nether_brick_stairs"}, 	{ "predicate": { "custom_model_data": 5420102}, "model": "custom/south/nether_brick_stairs"}, 	{ "predicate": { "custom_model_data": 5420103}, "model": "custom/west/nether_brick_stairs"}, 	{ "predicate": { "custom_model_data": 5420104}, "model": "custom/northup/nether_brick_stairs"},     { "predicate": { "custom_model_data": 5420105}, "model": "custom/eastup/nether_brick_stairs"},     { "predicate": { "custom_model_data": 5420106}, "model": "custom/southup/nether_brick_stairs"},     { "predicate": { "custom_model_data": 5420107}, "model": "custom/westup/nether_brick_stairs"} 	]}
