{
    "parent": "block/observer",
    "overrides": [
        {
            "predicate": {
                "custom_model_data": 5420101
            },
            "model": "custom/east/observer"
        },
        {
            "predicate": {
                "custom_model_data": 5420102
            },
            "model": "custom/north/observer"
        },
        {
            "predicate": {
                "custom_model_data": 5420103
            },
            "model": "custom/west/observer"
        },
        {
            "predicate": {
                "custom_model_data": 5420104
            },
            "model": "custom/up/observer"
        },
        {
            "predicate": {
                "custom_model_data": 5420105
            },
            "model": "custom/down/observer"
        }
    ]

}
