{
    "parent": "block/polished_granite_stairs",
     "overrides": [
 	{ "predicate": { "custom_model_data": 5420101}, "model": "custom/east/polished_granite_stairs"}, 	{ "predicate": { "custom_model_data": 5420102}, "model": "custom/south/polished_granite_stairs"}, 	{ "predicate": { "custom_model_data": 5420103}, "model": "custom/west/polished_granite_stairs"}, 	{ "predicate": { "custom_model_data": 5420104}, "model": "custom/northup/polished_granite_stairs"},     { "predicate": { "custom_model_data": 5420105}, "model": "custom/eastup/polished_granite_stairs"},     { "predicate": { "custom_model_data": 5420106}, "model": "custom/southup/polished_granite_stairs"},     { "predicate": { "custom_model_data": 5420107}, "model": "custom/westup/polished_granite_stairs"} 	]}
