{
    "parent": "block/prismarine_brick_stairs",
     "overrides": [
 	{ "predicate": { "custom_model_data": 5420101}, "model": "custom/east/prismarine_brick_stairs"}, 	{ "predicate": { "custom_model_data": 5420102}, "model": "custom/south/prismarine_brick_stairs"}, 	{ "predicate": { "custom_model_data": 5420103}, "model": "custom/west/prismarine_brick_stairs"}, 	{ "predicate": { "custom_model_data": 5420104}, "model": "custom/northup/prismarine_brick_stairs"},     { "predicate": { "custom_model_data": 5420105}, "model": "custom/eastup/prismarine_brick_stairs"},     { "predicate": { "custom_model_data": 5420106}, "model": "custom/southup/prismarine_brick_stairs"},     { "predicate": { "custom_model_data": 5420107}, "model": "custom/westup/prismarine_brick_stairs"} 	]}
