{
    "parent": "block/red_nether_brick_stairs",
     "overrides": [
 	{ "predicate": { "custom_model_data": 5420101}, "model": "custom/east/red_nether_brick_stairs"}, 	{ "predicate": { "custom_model_data": 5420102}, "model": "custom/south/red_nether_brick_stairs"}, 	{ "predicate": { "custom_model_data": 5420103}, "model": "custom/west/red_nether_brick_stairs"}, 	{ "predicate": { "custom_model_data": 5420104}, "model": "custom/northup/red_nether_brick_stairs"},     { "predicate": { "custom_model_data": 5420105}, "model": "custom/eastup/red_nether_brick_stairs"},     { "predicate": { "custom_model_data": 5420106}, "model": "custom/southup/red_nether_brick_stairs"},     { "predicate": { "custom_model_data": 5420107}, "model": "custom/westup/red_nether_brick_stairs"} 	]}
